id,name,email,gender,skills
1,Berty Androck,bandrock0@hexun.com,Male,"UIUX, Business, Database, sql, QC Business, CSS Data, Database"
2,Gun Halligan,ghalligan1@nbcnews.com,Male,"AWS, Golang Java, English C++, Management Business, MS TFS, Leader"
3,Arnold Boggas,aboggas2@de.vu,Male,"Jupyter Notebook, QC Business, SQL, JavaScript NodeJS, Scrum Database, Linux"
4,Clerkclaude Gilpillan,cgilpillan3@comcast.net,Male,"Cloud Cloud, Cloud Java, SQL Database, Data Analyst, Product, Android 2D AutoCAD"
5,Donovan le Keux,dle4@delicious.com,Male,"Python, MySQL, General IT Management, Agile, Csharp, Database"
6,Tann Scamwell,tscamwell5@amazon.com,Male,"NodeJS, Project, Blockchain, Team, Html, Python"
7,Nev Conneely,nconneely6@sphinn.com,Male,"qlickview Microsof Office, Django Python, Cloud Database, English, Designing And Devevoping Websites By Writing Html, English"
8,Klarrisa Eykelbosch,keykelbosch7@ezinearticles.com,Female,"QC Business, Microsoft Powerpoint. RECOGNITION Academic Secured First place in B.Tech.   AI, Asp Programming With Access Db, Project, Database, Illustrutor"
9,Justus Veazey,jveazey8@github.io,Male,"Python, English Business, Data Analyst, Python, C C++, Cloud Cloud"
10,Brose Haack,bhaack9@oracle.com,Male,"MySQL Database, Laravel, Python, Golang Java, OOP, Database"
11,Andy George,ageorgea@un.org,Female,"Programming in-Python, Management, Database, Android 2D AutoCAD, Programmining Using Visual Basic Language, C# .NET 4.0"
12,Ferrell Blaszczyk,fblaszczykb@nbcnews.com,Male,"Rails, PostgreSql NodeJS, Designer C++, Data Analyst, Test Case/Matrix Development, Debian-Kali Linux    IOT"
13,Barde Dacca,bdaccac@wunderground.com,Male,"Data Analyst, UIUX, Business, Linux, Management Business, Remote Executing Commands On Systems"
14,Judd Kitchin,jkitchind@adobe.com,Male,"Scrum Database, MySQL, Management, DevOps NodeJS, Data Analyst, NodeJS"
15,Teodor Moseley,tmoseleye@google.co.uk,Male,"Data Analyst, Data Analyst, MySQL, Networking C++, Robotics  Reports, Designing And Devevoping Websites By Writing Html"
16,Nessie Gladebeck,ngladebeckf@ucoz.com,Female,"AWS Java, Golang Java, Database, Business, SQL Python, Database"
17,Vittorio Berntssen,vberntsseng@tinyurl.com,Male,"Python, .NET PHP, Test Results Analysis Microsoft Access With Sql, Ubuntu, Test CAse Execusion, English"
18,Elnora McGaraghan,emcgaraghanh@fastcompany.com,Female,"3D  AutoCAD  Database, Leader SQL, Python, sql, Management, sql"
19,Marcela Kevane,mkevanei@discovery.com,Female,"Agile, SQL Database, HTML, SQL Python, Python, NodeJS"
20,Anders Farthing,afarthingj@java.com,Male,"I have more than 3 years experience developing websites and also in graphic degsing, Data Analyst, Laravel, Data Analyst, QC Business, Database"
21,Valeda Robertsen,vrobertsenk@tmall.com,Female,"Jquery, Project Management Skills, Database, English, English C++, Angular PHP"
22,Ham Scouller,hscoullerl@prweb.com,Male,"NodeJS, Database Business, C++, DotNet Development It Support, NoSQL Java, Data Analyst Business"
23,Bonni Teligin,bteliginm@blogspot.com,Non-binary,"Project, Honours Degree Psychology, on, ReactJS Python, Python3, AWS Java"
24,Norris Betonia,nbetonian@joomla.org,Male,"MySQL, SQL Java, SQL, System, Project, Java"
25,Goddard Bassom,gbassomo@youtu.be,Male,"project management, Programmining Using Visual Basic Language, Linux, Agile, QA, Python"
26,Loralie Bene,lbenep@amazon.de,Female,"SQL Python, on, Asp Programming With Access Db, Database Business, people management, Leader"
27,Bill Wardrope,bwardropeq@indiegogo.com,Male,"Python, MS Exchange Server, Python, 3D  AutoCAD  Database, Data, MySQL"
28,Johny Hoffner,jhoffnerr@tuttocitta.it,Male,"PHP NodeJS, Business, Java IDE-Eclipse Operating Systems Windows, Spring NodeJS, Sql Server Photoshop, on"
29,Vina Aspinall,vaspinalls@wikia.com,Female,"Management, Cloud, AWS, Database, System, Business"
30,Trueman Bouts,tboutst@naver.com,Male,"powerpoint, Team, Sql Server Photoshop, OOP, Database, English"
31,Briney Bosman,bbosmanu@dot.gov,Female,"Analytics, Data Analyst, Data Analyst, Data Analyst, on, ireport"
32,Cob Beatty,cbeattyv@imageshack.us,Male,"DevOps NodeJS, Product, MySQL, Xampp, Data, AWS Ruby"
33,Osbert Carolan,ocarolanw@dyndns.org,Male,"Golang Team, NodeJS, SQL SQL, Cloud Database, MySQL Database, Database"
34,Hermine Kerrich,hkerrichx@rediff.com,Female,"Laravel PHP, Networking C++, Python Software Packages Interpreters-Anaconda, Agile Business, QC Business, Team"
35,Randee Boyack,rboyacky@livejournal.com,Female,"Python, Project, SQL, UIUX, Business, Management Database, NodeJS Python"
36,Haley Dysert,hdysertz@biglobe.ne.jp,Female,"SQL Python, I have more than 3 years experience developing websites and also in graphic degsing, JavaScript, Database, Data Analyst Business, Data Analyst"
37,Aldous Gerson,agerson10@hatena.ne.jp,Male,"MySQL, on, i can build online stores and also promote websites using google adwords, MATLAB, Data Analyst Business, MS TFS"
38,Chelsae Lecointe,clecointe11@weebly.com,Female,"Leader, MSSQL, Csharp, SQL, General IT Management, SQL Database"
39,Elsey Dionisetti,edionisetti12@is.gd,Female,"English Business, Rails, Engineering, JavaScript, Database, Html"
40,Loy Tuting,ltuting13@gizmodo.com,Male,"Golang Java, English Business, English, Java IDE-Eclipse Operating Systems Windows, Asp Programming With Access Db, Python"
41,Ermin Bassam,ebassam14@amazon.de,Male,"English Business, Microsoft Word, Data Analyst, ASP.NET Tester, AWS PHP, Data Analyst"
42,Chickie Crowley,ccrowley15@nba.com,Female,"Python3, JavaScript, SQL Business, i can work on deadlines Business Development, MS TFS, MySQL"
43,Gilda Fontin,gfontin16@booking.com,Female,"Product, JavaScript, SQL Database, Asp Programming With Access Db, Python Software Packages Interpreters-Anaconda, Data Analyst"
44,Kit Tesmond,ktesmond17@joomla.org,Male,"Leader SQL, Data Analyst, Test Results Analysis Microsoft Access With Sql, Python, PostgreSqlPsychology Degree, Management Business"
45,Olivero Jaukovic,ojaukovic18@smh.com.au,Male,"Python Software Packages Interpreters-Anaconda, Cloud Cloud, QC Business, Python, SQL Java, project management"
46,Stesha Tomblings,stomblings19@google.it,Female,"project management, Networking C++, indesign, UIUX, Business, Graphic designing, Management"
47,Shelton Durgan,sdurgan1a@boston.com,Male,"Analytics, Management, Python, Jquery, PHP PHP, Cloud PHP"
48,Isabel Youle,iyoule1b@squarespace.com,Female,"Designer C++, OOP, SQL, SQL Database, SQL, CSS Data"
49,Hulda De Carteret,hde1c@t-online.de,Non-binary,"MySQL, PHP PHP, Python, Agile, Project, SQL Business"
50,Jeanna Warriner,jwarriner1d@joomla.org,Female,"AWS Java, QA, Java, SQL, i can work on deadlines Business Development, AWS PHP"
51,Nappy Bennen,nbennen1e@infoseek.co.jp,Male,"Project, HTML, Python, LabView, Java IDE-Eclipse Operating Systems Windows, Management"
52,Karlen Eadmead,keadmead1f@google.com,Female,"PostgreSql, Spring NodeJS, Sql Server Photoshop, Forecasts English, MSSQL, SQL"
53,Janka Ferrolli,jferrolli1g@npr.org,Female,"Data Analyst, QA, Microsoft Support, Rails, ASP.NET Tester, Test Strategy Development"
54,Natty Vince,nvince1h@toplist.cz,Male,"Leader, QC Business, SQL Java, Microsoft Word, C#, Robotics  Reports"
55,Averell Pelosi,apelosi1i@cbc.ca,Male,"Data Analyst, C, Data Analyst, Data Analyst, MySQL, Test Strategy Development"
56,Daren Jeram,djeram1j@cdbaby.com,Male,"Database, Analytics, Python, Management Business, SQL Business, Linux"
57,Alberik Minihan,aminihan1k@washington.edu,Male,"English Business, Database, AWS Ruby, Golang Java, Database, Scala Python"
58,Johan Gretham,jgretham1l@cafepress.com,Male,"Data Analyst, Data Analyst, Golang Python, Data Analyst, NoSQL Java, Data Analyst"
59,Aharon Ellwood,aellwood1m@geocities.jp,Male,"NodeJS, Test Strategy Development, NoSQL Java, English Business, Leader, Spring NodeJS"
60,Waneta Villaron,wvillaron1n@samsung.com,Female,"Pycharm, Angular PHP, Golang Java, Designing And Devevoping Websites By Writing Html, C# .NET 4.0, Data Analyst Business"
61,Freedman Gierok,fgierok1o@webmd.com,Male,"Javascript, i can work on deadlines Business Development, Asp Programming With Access Db, AWS Ruby, MySQL, QC Business"
62,Juanita Baison,jbaison1p@cornell.edu,Female,"MySQL, 3D  AutoCAD  Database, powerbi, Forecasts English, Data Analyst, Database"
63,Bronnie Gwinnell,bgwinnell1q@unblog.fr,Male,"Database, Python, Data Analyst, Data Science, Programmining Using Visual Basic Language, Data Analyst"
64,Kathy Drewitt,kdrewitt1r@unesco.org,Female,"QA, SQL SQL, Java IDE-Eclipse Operating Systems Windows, .NET PHP, Css, MS Exchange Server"
65,Boothe Baiden,bbaiden1s@globo.com,Male,"Programmining Using Visual Basic Language, System, Data Analyst Business, Agile, Data Analyst, Database"
66,Alejoa Dorney,adorney1t@marriott.com,Male,"i can build online stores and also promote websites using google adwords, PostgreSql NodeJS, Designer C++, Test Strategy Development, Microsoft Excel, Database"
67,Devlin Benton,dbenton1u@over-blog.com,Male,"MS Exchange Server, Programming in-Python, Data, PostgreSql NodeJS, Ruby, C# .NET 4.0"
68,Cosmo Brinsford,cbrinsford1v@unesco.org,Bigender,"Financial Managment SQL, Data Analyst, C C++, Python, project management, Forecasts English"
69,Jesse Strowther,jstrowther1w@github.com,Female,"Database, MySQL Database, Data Analyst Business, sql, Database, Ubuntu"
70,Reggie Dennerly,rdennerly1x@jimdo.com,Female,"powerbi, Project, MS Exchange Server, Laravel Python, Data Science, Machine Learning"
71,Leslie De Cleyne,lde1y@gnu.org,Female,"Css, on, English C++, General IT Management, Cloud Java, Sql Server Photoshop"
72,Christoffer Halstead,chalstead1z@yellowpages.com,Male,"Python, Illustrutor, Xampp, Spring NodeJS, SQL Database, System"
73,Cesar Raggles,craggles20@mlb.com,Male,"Data Analyst, Business, MySQL-Basics, C++, English, Angular PHP"
74,Loutitia Philliskirk,lphilliskirk21@skyrock.com,Female,"Python, .NET PHP, Python, I have more than 3 years experience developing websites and also in graphic degsing, Data Analyst, DotNet Development It Support"
75,Suzette Tinson,stinson22@nytimes.com,Female,"Engineering Database, MATLAB, Python, MySQL PHP, powerbi, English"
76,Westbrooke Wainer,wwainer23@weibo.com,Male,"NoSQL NodeJS, JavaScript PHP, PostgreSql Python, English Data, English, Database"
77,Portie Ivashkov,pivashkov24@delicious.com,Male,"Project, Html/Webpage Designing, Data Analyst Business, UIUX, Business, Data Analyst, Html/Webpage Designing"
78,Amandi Giacomelli,agiacomelli25@intel.com,Female,"3D  AutoCAD  Database, General IT Management, Test Plan Development, Cloud Database, Jquery, QA"
79,Zane Buttle,zbuttle26@gravatar.com,Male,"HTML, Analytics, Spring NodeJS, Data Analyst, NoSQL NodeJS"
80,Laraine Silverton,lsilverton27@house.gov,Female,"HP Quality Centre, DevOps NodeJS, MySQL, Leader, Python, English Data"
81,Arabel Bowland,abowland28@hubpages.com,Female,"project management, AWS Ruby, NodeJS Python, Programming in-Python, Data Analyst, JavaScript NodeJS"
82,Sarena Paradise,sparadise29@discuz.net,Polygender,"Python, Agile, Networking Python, Agile, Management, Linux"
83,Micheline Vicarey,mvicarey2a@house.gov,Female,"Database, Scala DevOps, on, MySQL, MS Exchange Server, Pycharm"
84,Shirline Crabtree,scrabtree2b@webeden.co.uk,Female,"SQL Database, Scala Python, Pycharm, Database, project management, Python"
85,Kendre Haythornthwaite,khaythornthwaite2c@squarespace.com,Female,"Microsoft Powerpoint. RECOGNITION Academic Secured First place in B.Tech.   AI, NodeJS Python, AWS Ruby, MySQL, NodeJS, Rails"
86,Demetrius Woffinden,dwoffinden2d@guardian.co.uk,Male,".NET Oracle, Data, Database, Database, Python, Networking C++"
87,Any Isley,aisley2e@free.fr,Male,".NET PHP, Ruby, PostgreSql NodeJS, PostgreSql, SQL Java, Database"
88,Polly Caudell,pcaudell2f@state.gov,Bigender,"Scrum Business, Python2, Data Analyst, SQL Python, QA, Ruby"
89,Eden Fronczak,efronczak2g@samsung.com,Female,"NodeJS, Golang Python, UIUX, Business, Management Business, Database, ASP.NET Tester"
90,Cully Enright,cenright2h@yelp.com,Male,"Database, LabView, Database  Control System Design, Database, Blockchain, Data Analyst"
91,Clim Ivermee,civermee2i@narod.ru,Male,"Jupyter Notebook, C#, Engineering, NodeJS, Laravel Python, Python"
92,Cleveland Doxsey,cdoxsey2j@jalbum.net,Male,"Golang Java, Python, SQL, SQL, Python2, Microsoft Powerpoint. RECOGNITION Academic Secured First place in B.Tech.   AI"
93,Quillan Luckcuck,qluckcuck2k@state.gov,Male,"SQL SQL, SQL Business, C, Python, English Business, SQL Python"
94,Darice Ballinger,dballinger2l@washingtonpost.com,Female,"MySQL, PostgreSqlPsychology Degree, C#, I have more than 3 years experience developing websites and also in graphic degsing, Leader, Database"
95,Vern Couvet,vcouvet2m@google.nl,Male,"English, Data Analyst, Golang Java, English, Team, SQL Business"
96,Carlee Eliasen,celiasen2n@howstuffworks.com,Female,"Database, Database, project management, Agile, Data Analyst, Data Analyst"
97,Bailey Shields,bshields2o@technorati.com,Male,"Python, ASP.NET, Python2, Python, HTML, Networking Python"
98,Karyn Rubinsaft,krubinsaft2p@freewebs.com,Female,"MS Exchange Server, MySQL PHP, Data Analyst, Microsoft Excel, NodeJS Python"
99,Aurore Bonaire,abonaire2q@weebly.com,Female,"Laravel, Forecasts English, HTML5, MSSQL, Xampp, Angular PHP"
100,Rebekkah Kalisch,rkalisch2s@reuters.com,Female,"Product, Data Analyst, MySQL, CSS Data, SQL Tester, MySQL"
